id,http_status,observed_final_url,decision,remaining_note
screenlane,200,https://pageflows.com/,Redirects to existing page-flows listing.,
godly,200,https://recent.design/?ref=godly,godly.website redirects to Recent; describe current destination.,
ui-movement,200,https://pageflows.com/,Redirects to existing page-flows listing.,
fwa,200,https://www.indulor.com/de/unternehmen,fwa.com points to chemical manufacturer Indulor; awards site is thefwa.com.,
land-book,200,https://land-book.com,Retained; no clear metadata error established.,
heroui-native-2,200,https://heroui.com/en/docs/native/getting-started,Same canonical documentation as existing heroui-native.,
free-css,502,https://www.free-css.com,Retained; no clear metadata error established.,Destination remains unverified; HTTP failure alone is not proof it is dead.
originui,206,https://coss.com/ui,Redirects to existing coss-ui listing.,
wireframekits,502,https://wireframekits.com,Retained; no clear metadata error established.,Destination remains unverified; HTTP failure alone is not proof it is dead.
briefup,206,https://www.overholtportablebuildings.com/,Captured gambling content and unrelated redirects; no longer the described brief generator.,
aicss,206,https://www.aicss.dev/,Retained; no clear metadata error established.,
ui-halaska,206,https://ui.halaska.com,Retained; no clear metadata error established.,
torph,206,https://torph.lochie.me,Retained; no clear metadata error established.,
typehug,206,https://typehug.aliszu.com,Retained; no clear metadata error established.,
liquid-glass-samasante,200,https://glass.samasante.com,Retained; no clear metadata error established.,
screenshot-to-code,206,https://screenshottocode.com,"Screenshot-to-code app, not an installable agent skill.",
uisfx,200,https://uisfx.com,"Reusable audio assets, not React components.",
libraries-dev-orbs,200,https://libraries.dev/orbs,Retained; no clear metadata error established.,
typeface-fyi,206,https://www.typeface.fyi/,Retained; no clear metadata error established.,
vibeui,200,https://vibeui.online,Retained; no clear metadata error established.,
designmd-store,200,https://designmd-store.com,Retained; no clear metadata error established.,
transitions-dev,206,https://transitions.dev,Retained; no clear metadata error established.,
astryx,200,https://astryx.atmeta.com,Retained; no clear metadata error established.,
originkit,206,https://www.originkit.dev/,Retained; no clear metadata error established.,
beautiful-ui,206,https://www.beautifului.dev/,Retained; no clear metadata error established.,
metalforge,206,https://metalforge.xyz/editor,Retained; no clear metadata error established.,
oneworks-avatars,206,https://oneworks.cloud/avatar/,Retained; no clear metadata error established.,
spectrum-footers,200,https://ui.spectrumhq.in/blocks/footers,Retained; no clear metadata error established.,
spectrum-charts,200,https://ui.spectrumhq.in/blocks/charts,Retained; no clear metadata error established.,
oss-perks,206,https://www.ossperks.com/,Retained; no clear metadata error established.,
shadcn-io,206,https://www.shadcn.io/,"Current destination is a React component library, not just a directory.",
meshgradient-in,206,https://meshgradient.in,Retained; no clear metadata error established.,
paper-shaders,206,https://shaders.paper.design,Retained; no clear metadata error established.,
useanimations,206,https://useanimations.com,Retained; no clear metadata error established.,
lightugc,200,https://lightugc.com,"AI content creation tool, not stock assets; remove scout provenance from copy.",
circle-loaders,200,https://circleloaders.dominikakissi.com,Retained; no clear metadata error established.,
openui,206,https://www.openui.com,Retained; no clear metadata error established.,
gallereee,200,https://www.gallereee.com/,Retained; no clear metadata error established.,
fuse-framer,200,https://www.framer.com/marketplace/templates/fuse/,Retained; no clear metadata error established.,
interfaces-dev,206,https://interfaces.dev/,Retained; no clear metadata error established.,
opensource-ui,206,https://opensourceui.in/,Retained; no clear metadata error established.,
nebula-sans,206,https://www.nebulasans.com/,Retained; no clear metadata error established.,
product-now,200,https://product.now/,Retained; no clear metadata error established.,
link-lowdown,200,https://www.linklowdown.com/,Retained; no clear metadata error established.,
curation-systems,200,https://curation.systems/,Retained; no clear metadata error established.,
rune-icons,206,https://www.runeicons.com/,Retained; no clear metadata error established.,
typescope,206,https://www.typescope.app/,Retained; no clear metadata error established.,
great-ui,206,https://www.great-ui.com/,Retained; no clear metadata error established.,
vertically-works,206,https://vertically.works/,Retained; no clear metadata error established.,
sona-ui,206,https://www.sonaui.com/,Old hostname redirects to canonical Sona UI site; retain original ID.,
drawably,206,https://www.drawably.dev/,Retained; no clear metadata error established.,
blocks-so,200,https://blocks.so/,Retained; no clear metadata error established.,
vessa,200,https://vessa.design/,"Brand-guideline authoring tool, not inspiration gallery; publishing is paid.",
morphicons,206,https://www.morphicons.com/,Retained; no clear metadata error established.,
rubik-sachi,200,https://rubik.sachi.dev/,Retained; no clear metadata error established.,Sparse page text and unclear product identity; description needs owner/editor review.
ascii-magic,206,https://www.ascii-magic.com/,Retained; no clear metadata error established.,
shift-graphics,206,https://shift.graphics/,"Official site is a free font editor, not textures.",
appicons-store,206,https://www.appicons.store/,Retained; no clear metadata error established.,
cuelume,206,https://cuelume.dev/,"Web interaction-sound library, not visual UI components.",
threeui,206,https://threeui.com/browse,Retained; no clear metadata error established.,
light-stroke-rail,206,https://light-stroke-rail.vercel.app/,Retained; no clear metadata error established.,
awesome-design-resources-list,206,https://github.com/darelova/Awesome-Design-Resources-List,Retained; no clear metadata error established.,
colir,206,https://colir.space,Retained; no clear metadata error established.,
bloub,206,https://bloub.vercel.app,Retained; no clear metadata error established.,
micrograph-studio,206,https://micrograph-studio.vercel.app,Retained; no clear metadata error established.,
holosticker,206,https://www.holosticker.dev,Retained; no clear metadata error established.,
mockit,200,https://www.mockit.design,Retained; no clear metadata error established.,
animos,200,https://animos.app/,"Browser motion-template tool, not Framer templates.",
shots,200,https://shots.so/,Retained; no clear metadata error established.,
diffui,200,https://diffui.ai,"Prompt-to-design app, not an installable agent skill.",
modulify-logo-maker,200,https://logomaker.modulify.ai/,Retained; no clear metadata error established.,
font-in-logo,200,https://www.fontinlogo.com/,Retained; no clear metadata error established.,
logo-to-use,200,https://logotouse.com/,Retained; no clear metadata error established.,
preview-kit,200,https://usepreviewkit.com/,"Website-to-presentation video tool, not a coded template.",
iconly,200,https://iconly.design/,Retained; no clear metadata error established.,
skills-better-ui,200,https://www.skills.sh/jakubkrehel/skills/better-ui,Retained; no clear metadata error established.,
skills-emil-design-eng,200,https://www.skills.sh/emilkowalski/skills/emil-design-eng,Retained; no clear metadata error established.,
lucide-icons,206,https://lucide.dev/icons,Same icon library as existing lucide.,
lucide-animated,200,https://lucide-animated.com,Retained; no clear metadata error established.,
moving-icons,200,https://www.movingicons.dev/icons,Retained; no clear metadata error established.,
iconsax,206,https://app.iconsax.io,Retained; no clear metadata error established.,
isocons,206,https://www.isocons.app/,Retained; no clear metadata error established.,
nucleo,206,https://nucleoapp.com,Retained; no clear metadata error established.,
calligraph,206,https://calligraph.raphaelsalaja.com,Retained; no clear metadata error established.,
elyx,206,https://elyx.design,Retained; no clear metadata error established.,
sceneai,200,https://sceneai.art,Retained; no clear metadata error established.,
design-gems,200,https://www.gems.design/,Retained; no clear metadata error established.,
sonaui-com,206,https://www.sonaui.com/,Same Sona UI catalogue as sona-ui; keep first ID and update its URL.,
grabui-flowcontent,200,https://grabui.com/library/flowcontent,Retained; no clear metadata error established.,
uimaxx,206,https://uimaxx.ing/,Retained; no clear metadata error established.,
colors-visualizer,206,https://colors-visualizer.vercel.app,Retained; no clear metadata error established.,
brandbird,206,https://www.brandbird.app/,Retained; no clear metadata error established.,
shortcuts-design,206,https://shortcuts.design,Retained; no clear metadata error established.,
modulify,200,https://modulify.ai,Retained; no clear metadata error established.,
ikonik,200,https://ikonik.modulify.ai,Retained; no clear metadata error established.,
wonderlist,200,https://wonderlist.design,Retained; no clear metadata error established.,
motionin,200,https://www.motionin.design/,Retained; no clear metadata error established.,
vibeindex,200,https://vibeindex.dev/,Retained; no clear metadata error established.,
iconcreator,200,https://iconcreator.dev/,Retained; no clear metadata error established.,
watermelon-ui,200,https://ui.watermelon.sh/,Retained; no clear metadata error established.,
uidesign-tips,206,https://www.uidesign.tips/ui-tips,Retained; no clear metadata error established.,
morphing-menu,200,https://dannyjpwilliams.com/playground/morphing-menu/,Retained; no clear metadata error established.,
liquid-orb,206,https://lersent001.github.io/orb/,Retained; no clear metadata error established.,
ai-elements,200,https://elements.ai-sdk.dev,Retained; no clear metadata error established.,
cult-ui,206,https://www.cult-ui.com,Retained; no clear metadata error established.,
tremor,206,https://www.tremor.so,Retained; no clear metadata error established.,
base-ui,206,https://base-ui.com,Retained; no clear metadata error established.,
tailwind-plus,200,https://tailwindcss.com/plus/login,Retained; no clear metadata error established.,
apple-design-resources,200,https://developer.apple.com/design/resources/,"Figma and Sketch design resources, not coded templates.",
scenerecap,200,https://scenerecap.com/explained,Retained; no clear metadata error established.,
screely,200,https://screely.com,"Current destination and capture show gambling content, not screenshot mockups.",
carbon-now,206,https://carbon.now.sh,Retained; no clear metadata error established.,
spectrum-empty-states,200,https://ui.spectrumhq.in/blocks/empty-states,Retained; no clear metadata error established.,
reelfolio,206,https://reelfolio.io/,Retained; no clear metadata error established.,
css-toggles-colorion,200,https://toggles.colorion.co/,Retained; no clear metadata error established.,
ant-design,206,https://ant.design/,Retained; no clear metadata error established.,
daisyui,206,https://daisyui.com/,Retained; no clear metadata error established.,
react-aria,206,https://react-aria.adobe.com/,Retained; no clear metadata error established.,
reshaped,206,https://www.reshaped.so/,Retained; no clear metadata error established.,
venstyler,206,https://www.venstyler.com/,Retained; no clear metadata error established.,
scritto,206,https://scrit.to/,Retained; no clear metadata error established.,
dicebear,200,https://www.dicebear.com/,Retained; no clear metadata error established.,
fluid-functionalism,200,https://www.fluidfunctionalism.com/,Retained; no clear metadata error established.,
shadcn-lint,206,https://github.com/shadcn-ui/lint,"Linting tool, not a React component.",
canvas-ui,200,https://canvasui.dev/,Retained; no clear metadata error established.,
spell-ui,206,https://spell.sh/,Retained; no clear metadata error established.,
animate-ui,206,https://animate-ui.com,Retained; no clear metadata error established.,
obsidian-ui,206,https://www.obsidianui.dev/,Retained; no clear metadata error established.,
xiod-ui,200,https://ui.xiod.dev,Retained; no clear metadata error established.,
shoogle,200,https://shoogle.dev,"Index/search of resources, not a component or UI kit.",
interior,206,https://www.interior.dev/,Retained; no clear metadata error established.,
scrolltide,200,https://www.scrolltide.co/,Retained; no clear metadata error established.,
openmotion,200,https://openmotion.design,"Motion-video authoring app, not a Framer template; current plan is free.",
text-effects-colorion,200,https://text-effects.colorion.co,Retained; no clear metadata error established.,
gradient-buttons-colorion,200,https://gradientbuttons.colorion.co,Retained; no clear metadata error established.,
kitbitz,206,https://kitbitz.art,Retained; no clear metadata error established.,
landdding,200,https://landdding.com,Retained; no clear metadata error established.,
closeit-fast,200,https://closeit.fast,Electronic-signature app is not a design asset; remove research notes.,Electronic-signature tool is peripheral to UIXO; editorial inclusion decision still needed.
alignui,200,https://alignui.com,Retained; no clear metadata error established.,
ant-design-mobile,206,https://mobile.ant.design,Retained; no clear metadata error established.,
atomize,206,https://atomizecode.com,Retained; no clear metadata error established.,
base-web,200,https://baseweb.design,Retained; no clear metadata error established.,
blueprint,206,https://blueprintjs.com,Retained; no clear metadata error established.,
bumbag-ui,502,https://bumbag.style,Retained; no clear metadata error established.,Destination remains unverified; HTTP failure alone is not proof it is dead.
chakra-ui,206,https://chakra-ui.com,Retained; no clear metadata error established.,
chatui,200,https://chatui.io,Retained; no clear metadata error established.,
coreui-react,206,https://coreui.io/react/,Retained; no clear metadata error established.,
create-ui,200,https://createui.co,Retained; no clear metadata error established.,
dripsy,206,https://www.dripsy.xyz,Retained; no clear metadata error established.,
elastic-ui,206,https://eui.elastic.co,Retained; no clear metadata error established.,
evergreen,206,https://evergreen.segment.com,Retained; no clear metadata error established.,
flowbite-react,206,https://flowbite-react.com,Retained; no clear metadata error established.,
fluent-ui,206,https://storybooks.fluentui.dev/react/,Retained; no clear metadata error established.,
geist-ui,200,https://geist-ui.dev,Retained; no clear metadata error established.,
gestalt,200,https://gestalt.pinterest.systems,Retained; no clear metadata error established.,
gluestack-ui,200,https://gluestack.io,Retained; no clear metadata error established.,
grommet,206,https://v2.grommet.io,Retained; no clear metadata error established.,
material-ui,206,https://mui.com/material-ui/,Retained; no clear metadata error established.,
nativebase,206,https://nativebase.io,Retained; no clear metadata error established.,
nextui,206,https://heroui.com/,Redirects to existing heroui; destination is not a legacy archive.,
orbit,502,https://orbit.kiwi,Retained; no clear metadata error established.,Destination remains unverified; HTTP failure alone is not proof it is dead.
park-ui,200,https://park-ui.com,Retained; no clear metadata error established.,
pivotal-ui,502,https://styleguide.pivotal.io,Use working official documentation instead of failed styleguide host.,
primer-react,200,https://primer.style/,Retained; no clear metadata error established.,
primereact,206,https://primereact.dev/,Retained; no clear metadata error established.,
radix-themes,206,https://www.radix-ui.com/,Retained; no clear metadata error established.,
react-admin,200,https://marmelab.com/react-admin/,Retained; no clear metadata error established.,
react-bootstrap,206,https://react-bootstrap.github.io,Retained; no clear metadata error established.,
react-bulma,206,https://github.com/couds/react-bulma-components,Retained; no clear metadata error established.,
react-foundation,200,https://react.foundation,Retained; no clear metadata error established.,
react-native-paper,206,https://reactnativepaper.com,Retained; no clear metadata error established.,
react-suite,206,https://www.rsuitejs.com/,Retained; no clear metadata error established.,
reactstrap,206,https://reactstrap.github.io,Retained; no clear metadata error established.,
restyle,206,https://github.com/Shopify/restyle,Retained; no clear metadata error established.,
ring-ui,206,https://jetbrains.github.io/ring-ui/,Retained; no clear metadata error established.,
semantic-ui-react,206,https://react.semantic-ui.com,Retained; no clear metadata error established.,
semi-design,200,https://semi.design,Retained; no clear metadata error established.,
shards-react,200,https://designrevision.com/docs/shards-react/,Retained; no clear metadata error established.,
shards-ui,200,https://designrevision.com/downloads/shards/,Official Shards page describes Bootstrap 4 UI kit; React edition is separate.,
shineout,206,https://shine.wiki,Retained; no clear metadata error established.,
polaris,200,https://shopify.dev/docs/api/polaris,Point to official source repository matching the listed React library; previous host failed or redirected to different content.,
supabase-ui,206,https://supabase.com/library,Point to official source repository matching the listed React library; previous host failed or redirected to different content.,
tabler-react,206,https://github.com/tabler/tabler-react,Retained; no clear metadata error established.,
tamagui,200,https://tamagui.dev,Retained; no clear metadata error established.,
theme-ui,206,https://theme-ui.com,Retained; no clear metadata error established.,
trunx,206,https://github.com/fibo/trunx,Retained; no clear metadata error established.,
untitled-ui-react,200,https://www.untitledui.com/react,Retained; no clear metadata error established.,
ariakit,206,https://ariakit.com/,Retained; no clear metadata error established.,
ark-ui,206,https://ark-ui.com,Retained; no clear metadata error established.,
headless-ui,206,https://headlessui.com,Retained; no clear metadata error established.,
tanstack-table,200,https://tanstack.com/table/latest,Retained; no clear metadata error established.,
cmdk,206,https://github.com/dip/cmdk,Retained; no clear metadata error established.,
cva,200,https://cva.style,Retained; no clear metadata error established.,
downshift,206,https://www.downshift-js.com,Retained; no clear metadata error established.,
floating-ui,206,https://floating-ui.com/docs/react,Retained; no clear metadata error established.,
panda-css,206,https://panda-css.com,Retained; no clear metadata error established.,
radix-primitives,206,https://www.radix-ui.com/primitives,Retained; no clear metadata error established.,
reach-ui,526,https://reach.tech,Point to official source repository matching the listed React library; previous host failed or redirected to different content.,
react-use-gesture,206,https://use-gesture.netlify.app,Retained; no clear metadata error established.,
rebass,403,https://rebassjs.org,Retained; no clear metadata error established.,Destination remains unverified; HTTP failure alone is not proof it is dead.
tailwind-variants,206,https://www.tailwind-variants.org,Retained; no clear metadata error established.,
vaul,206,https://vaul.emilkowal.ski,Retained; no clear metadata error established.,
visx,206,https://visx.airbnb.tech/,Retained; no clear metadata error established.,
zag,206,https://zagjs.com,Retained; no clear metadata error established.,
awesome-shadcn-ui,206,https://github.com/birobirobiro/awesome-shadcn-ui,"Index/search of resources, not a component or UI kit.",
obra-shadcn,206,https://obra.studio,Retained; no clear metadata error established.,
registry-directory,206,https://registry.directory,"Index/search of resources, not a component or UI kit.",
ui-registries,200,https://ui-registries.vercel.app,"Index/search of resources, not a component or UI kit.",
auto-animate,206,https://auto-animate.formkit.com,Retained; no clear metadata error established.,
farm-ui,200,http://ww547.farmui.com/?tkn=19vnMT3S,"Captured parking page and current ww547.farmui.com parking redirect, not a UI library.",
number-flow,206,https://number-flow.barvian.me,Retained; no clear metadata error established.,
react-spring,200,https://www.react-spring.dev,Retained; no clear metadata error established.,
ag-grid,206,https://www.ag-grid.com,Retained; no clear metadata error established.,
embla-carousel,206,https://www.embla-carousel.com,Retained; no clear metadata error established.,
glide-data-grid,206,https://grid.glideapps.com,Retained; no clear metadata error established.,
mui-x-data-grid,206,https://mui.com/x/react-data-grid/,Retained; no clear metadata error established.,
nivo,206,https://nivo.rocks,Retained; no clear metadata error established.,
react-data-grid,206,https://github.com/Comcast/react-data-grid,Retained; no clear metadata error established.,
react-datepicker,206,https://reactdatepicker.com,Retained; no clear metadata error established.,
react-day-picker,200,https://daypicker.dev,Retained; no clear metadata error established.,
react-flow,200,https://reactflow.dev,Retained; no clear metadata error established.,
react-hot-toast,206,https://react-hot-toast.com,Retained; no clear metadata error established.,
react-select,206,https://react-select.com,Retained; no clear metadata error established.,
react-toastify,206,https://fkhadra.github.io/react-toastify/,Retained; no clear metadata error established.,
recharts,206,https://recharts.org,Retained; no clear metadata error established.,
sonner,206,https://sonner.emilkowal.ski,Retained; no clear metadata error established.,
three-ui,206,https://threeui.com,Same ThreeUI catalogue as threeui.,
victory,206,https://nearform.com/open-source/victory,Retained; no clear metadata error established.,
react-fontawesome,200,https://fontawesome.com,Retained; no clear metadata error established.,
react-icons,206,https://react-icons.github.io/react-icons/,Retained; no clear metadata error established.,
keyline-icons,206,https://keylineicons.com,Retained; no clear metadata error established.,
toolcraft,206,https://github.com/pixel-point/toolcraft,Retained; no clear metadata error established.,
pryzm,502,https://pryzm.design,Retained; no clear metadata error established.,Destination remains unverified; HTTP failure alone is not proof it is dead.
valessa,200,https://valessa.riotters.com,Retained; no clear metadata error established.,
book-of-shapes,206,https://bookofshapes.com,Retained; no clear metadata error established.,
microcharts,200,https://microcharts.dev,Retained; no clear metadata error established.,
dx-figgle,200,https://dirtylinestudio.com/product/dx-figgle-free-font/,Retained; no clear metadata error established.,
alpha-lyrae,200,https://bestfreefonts.com/alpha-lyrae,Remove scout-list provenance from public copy.,
pangram-sans-rounded,200,https://pangrampangram.com/products/pangram-sans-rounded,Retained; no clear metadata error established.,
mango-grotesque,200,https://rajputrajesh-448.gumroad.com/l/MangoGrotesque,Retained; no clear metadata error established.,
thunder-typeface,200,https://rajputrajesh-448.gumroad.com/l/thundertypeface9,Retained; no clear metadata error established.,
ladi-typeface,200,https://mleimig.gumroad.com/l/laditype,Retained; no clear metadata error established.,
harmony-modern-serif,200,https://pixelsurplus.com/products/harmony-modern-serif-font,Retained; no clear metadata error established.,
uncut-wtf,206,https://uncut.wtf,Retained; no clear metadata error established.,
symbl,206,https://www.symbl.space/,"Logo preview utility, not an icon pack.",
svgl,200,https://svgl.app,Retained; no clear metadata error established.,
ditherland,530,https://ditherland.leobecker.com,Retained; no clear metadata error established.,Destination remains unverified; HTTP failure alone is not proof it is dead.
vgpu,200,https://vgpu.sh,Retained; no clear metadata error established.,
prettysites,200,https://prettysites.io,Retained; no clear metadata error established.,
jev-ui,206,https://docs.jev-ui.dev,Retained; no clear metadata error established.,
on-design,206,https://on.design/login?redirect=%2F,Retained; no clear metadata error established.,
inspomcp,200,https://inspomcp.dev,Retained; no clear metadata error established.,
goatedui,200,https://goatedui.dev,Retained; no clear metadata error established.,
league-of-moveable-type,206,https://www.theleagueofmoveabletype.com/,"Foundry catalogue spans multiple type styles, not only sans serif.",
supafonts,200,https://supafonts.com,Retained; no clear metadata error established.,
freefaces-gallery,200,https://www.freefaces.gallery/,Retained; no clear metadata error established.,
tunera,200,https://www.tunera.xyz/,Foundry catalogue spans multiple type styles and offers open fonts.,
use-modify,200,https://usemodify.com,Retained; no clear metadata error established.,
open-foundry,200,https://open-foundry.com,Retained; no clear metadata error established.,
lio-icons,200,https://liopro.com/lioicons/,Retained; no clear metadata error established.,
designeer,206,https://www.designeer.xyz/,Retained; no clear metadata error established.,
spectrum-tables,200,https://ui.spectrumhq.in/blocks/tables,Retained; no clear metadata error established.,
ink-cli,206,https://github.com/vadimdemedes/ink,Retained; no clear metadata error established.,
react-cosmos,206,https://github.com/react-cosmos/react-cosmos,"Component development sandbox, not a component.",
json-render,206,https://github.com/vercel-labs/json-render,Retained; no clear metadata error established.,
taste-skill,206,https://www.tasteskill.dev/,Retained; no clear metadata error established.,
design-vault,200,https://screensdesign.com/,Redirects to existing screensdesign.,
animated-icons-co,200,https://animatedicons.co,Remove bookmark-list provenance from public copy.,
animated-buttons-colorion,200,https://animatedbuttons.colorion.co,Retained; no clear metadata error established.,
morflax-studio,206,https://studio.morflax.com,Retained; no clear metadata error established.,
shadcn-space,200,https://shadcnspace.com,Retained; no clear metadata error established.,
color-review,200,https://color.review,Replace scout provenance with observed function.,
easing-gradients,200,https://larsenwork.com/easing-gradients/,Retained; no clear metadata error established.,
ui-ux-pro-max-skill,206,https://github.com/nextlevelbuilder/ui-ux-pro-max-skill,Retained; no clear metadata error established.,
sl-ui-library,206,https://github.com/SLtowl/sl-ui-library,Retained; no clear metadata error established.,
sl-site-engine,206,https://github.com/SLtowl/sl-site-engine,Retained; no clear metadata error established.,
craftwork,200,https://craftwork.design,Remove bookmark-list provenance from public copy.,
uizze,200,https://uizze.com/,Retained; no clear metadata error established.,
toggles-dev,206,https://toggles.dev,Retained; no clear metadata error established.,
lightswind,200,https://lightswind.com,Retained; no clear metadata error established.,
spline,206,https://spline.design,Retained; no clear metadata error established.,
grabui-eastalio,200,https://grabui.com/library/eastalio,Retained; no clear metadata error established.,
unikist,200,https://unikist.com,Retained; no clear metadata error established.,
ultramock,206,https://www.ultramock.io/,Retained; no clear metadata error established.,
tween-ui,206,https://tween-ui.vercel.app,Retained; no clear metadata error established.,
pinui,206,https://www.pinui.xyz/,Retained; no clear metadata error established.,
dowel-ui,206,https://dowel-eight.vercel.app/,Retained; no clear metadata error established.,
streamtag-ui,206,https://github.com/xiaoosi/streamtag-ui,Retained; no clear metadata error established.,
softform,206,https://softform-34r5.netlify.app/,Retained; no clear metadata error established.,
next-shadcn-dashboard-starter,206,https://github.com/Kiranism/next-shadcn-dashboard-starter,Retained; no clear metadata error established.,
awesome-shadcn-dev,200,https://awesomeshadcn.dev,Retained; no clear metadata error established.,
tweakcn,206,https://tweakcn.com,"Theme editor, not a downloadable UI kit.",
skills-sh,200,https://www.skills.sh/,Retained; no clear metadata error established.,
unicorn-studio,206,https://www.unicorn.studio/,Retained; no clear metadata error established.,
designeng-tools,200,https://www.designeng.tools/,Retained; no clear metadata error established.,
wannathis-motion-grid,206,https://wannathis.one/online-tools/motion-grid,Retained; no clear metadata error established.,
theatrejs,206,https://www.theatrejs.com/,Retained; no clear metadata error established.,
gsap,200,https://gsap.com,Official pricing page says library and plugins are free.,
storybook,206,https://storybook.js.org,"Component workshop tool, not a React-only component library.",
are-na,200,https://www.are.na,Retained; no clear metadata error established.,
bleep,206,https://bleep.is,Retained; no clear metadata error established.,
quickpick,200,https://www.quickpick.space/,Retained; no clear metadata error established.,
bestfreefonts,200,https://bestfreefonts.com,Retained; no clear metadata error established.,
